{
    "rmse": 0.7430962197081747,
    "mae": 0.5618965328565987,
    "r2": 0.19662906406789915
}